<annotation>
	<folder>batteries</folder>
	<filename>battery72.jpg</filename>
	<path>C:\Users\Julio\Desktop\Master\TFM\TFM_Trash_Detection\DataSet\dataset-resized\dataset-resized\batteries\battery72.jpg</path>
	<source>
		<database>Unknown</database>
	</source>
	<size>
		<width>194</width>
		<height>259</height>
		<depth>3</depth>
	</size>
	<segmented>0</segmented>
	<object>
		<name>battery</name>
		<pose>Unspecified</pose>
		<truncated>0</truncated>
		<difficult>0</difficult>
		<bndbox>
			<xmin>43</xmin>
			<ymin>21</ymin>
			<xmax>151</xmax>
			<ymax>236</ymax>
		</bndbox>
	</object>
</annotation>
