<annotation>
	<folder>batteries</folder>
	<filename>battery71.jpg</filename>
	<path>C:\Users\Julio\Desktop\Master\TFM\TFM_Trash_Detection\DataSet\dataset-resized\dataset-resized\batteries\battery71.jpg</path>
	<source>
		<database>Unknown</database>
	</source>
	<size>
		<width>287</width>
		<height>384</height>
		<depth>3</depth>
	</size>
	<segmented>0</segmented>
	<object>
		<name>battery</name>
		<pose>Unspecified</pose>
		<truncated>0</truncated>
		<difficult>0</difficult>
		<bndbox>
			<xmin>56</xmin>
			<ymin>25</ymin>
			<xmax>149</xmax>
			<ymax>191</ymax>
		</bndbox>
	</object>
	<object>
		<name>battery</name>
		<pose>Unspecified</pose>
		<truncated>0</truncated>
		<difficult>0</difficult>
		<bndbox>
			<xmin>149</xmin>
			<ymin>26</ymin>
			<xmax>244</xmax>
			<ymax>196</ymax>
		</bndbox>
	</object>
	<object>
		<name>battery</name>
		<pose>Unspecified</pose>
		<truncated>0</truncated>
		<difficult>0</difficult>
		<bndbox>
			<xmin>49</xmin>
			<ymin>180</ymin>
			<xmax>151</xmax>
			<ymax>375</ymax>
		</bndbox>
	</object>
	<object>
		<name>battery</name>
		<pose>Unspecified</pose>
		<truncated>0</truncated>
		<difficult>0</difficult>
		<bndbox>
			<xmin>149</xmin>
			<ymin>181</ymin>
			<xmax>255</xmax>
			<ymax>376</ymax>
		</bndbox>
	</object>
</annotation>
