<annotation>
	<folder>batteries</folder>
	<filename>battery50.jpg</filename>
	<path>C:\Users\Julio\Desktop\Master\TFM\TFM_Trash_Detection\DataSet\dataset-resized\dataset-resized\batteries\battery50.jpg</path>
	<source>
		<database>Unknown</database>
	</source>
	<size>
		<width>512</width>
		<height>244</height>
		<depth>3</depth>
	</size>
	<segmented>0</segmented>
	<object>
		<name>battery</name>
		<pose>Unspecified</pose>
		<truncated>0</truncated>
		<difficult>0</difficult>
		<bndbox>
			<xmin>57</xmin>
			<ymin>7</ymin>
			<xmax>427</xmax>
			<ymax>236</ymax>
		</bndbox>
	</object>
</annotation>
