<annotation>
	<folder>batteries</folder>
	<filename>battery68.jpg</filename>
	<path>C:\Users\Julio\Desktop\Master\TFM\TFM_Trash_Detection\DataSet\dataset-resized\dataset-resized\batteries\battery68.jpg</path>
	<source>
		<database>Unknown</database>
	</source>
	<size>
		<width>225</width>
		<height>225</height>
		<depth>3</depth>
	</size>
	<segmented>0</segmented>
	<object>
		<name>battery</name>
		<pose>Unspecified</pose>
		<truncated>0</truncated>
		<difficult>0</difficult>
		<bndbox>
			<xmin>78</xmin>
			<ymin>50</ymin>
			<xmax>144</xmax>
			<ymax>170</ymax>
		</bndbox>
	</object>
</annotation>
