<annotation>
	<folder>cardboard</folder>
	<filename>cardboard407.jpg</filename>
	<path>C:\Users\Julio\Desktop\Master\TFM\TFM_Trash_Detection\DataSet\dataset-resized\dataset-resized\cardboard\cardboard407.jpg</path>
	<source>
		<database>Unknown</database>
	</source>
	<size>
		<width>512</width>
		<height>384</height>
		<depth>3</depth>
	</size>
	<segmented>0</segmented>
	<object>
		<name>cardboard</name>
		<pose>Unspecified</pose>
		<truncated>0</truncated>
		<difficult>0</difficult>
		<bndbox>
			<xmin>67</xmin>
			<ymin>86</ymin>
			<xmax>481</xmax>
			<ymax>328</ymax>
		</bndbox>
	</object>
</annotation>
